"channel","type"
"0x0 Fireplace HD","Развлекательные"
"0x0 Music HD","Музыка"
"1 MUSIC CHANNEL","Музыка"
"1 TV Georgia","Иностранные"
"1 мистический HD","Фильмы"
"1+1 (Int.)","Украинские"
"1+1 International","Украинские"
"1+1","Украинские"
"10 Eser","Иностранные"
"100% Automoto","Иностранные"
"100% News UA","Украинские"
"100% News","Познавательные"
"11 канал HD (Пенза)","Региональные"
"112 Украина HD","Украинские"
"112 Украина","Украинские"
"12 Keshet Israel","Иностранные"
"12 канал (Омск)","Региональные"
"15 TV (Spain)","Иностранные"
"1HD Music TV","Музыка"
"1HD","Музыка"
"1Music (HU)","Музыка"
"1Music (Hungary)","Иностранные"
"1Music (Молдова)","Молдова"
"1Music Channel Hungary","Музыка"
"1st Baltic Music","Музыка"
"2+2","Украинские"
"21 канал (Ужгород)","Украинские"
"21 канал Ужгород [UA]","Украинские"
"213 TV (SK)","Спорт"
"24 Horas (Испания)","Иностранные"
"24 Noticias","Иностранные"
"24 канал HD","Украинские"
"24 канал","Украинские"
"24 Новости","Украинские"
"24H TV","Иностранные"
"26 Регион (Ставрополь)","Украинские"
"2x2 (+2)","Развлекательные"
"2x2 (+4)","Развлекательные"
"2x2 (+7)","Развлекательные"
"2x2","Развлекательные"
"3+ (Latvia)","Иностранные"
"31 Канал (KZ)","Казахстан"
"31 канал (Казахстан)","Казахстан"
"31 Канал","Казахстан"
"324 NOTICIES","Иностранные"
"33 канал (Хмельницкий)","Украинские"
"33 канал (Хмельницький)","Украинские"
"33 канал","Украинские"
"34 канал","Украинские"
"360 (Сургут)","Региональные"
"360 (Ярославль)","Региональные"
"360 HD","Познавательные"
"360 North","Региональные"
"360 Новости HD","Новостные"
"360 Новости","Новостные"
"360 Ярославль","Региональные"
"360","Познавательные"
"360° HD","Познавательные"
"360° Новости HD","Новостные"
"360° Подмосковье HD","Региональные"
"360° Подмосковье","Региональные"
"360°","Познавательные"
"365 дней","Познавательные"
"365","Познавательные"
"3ABN Kidz (USA)","Иностранные"
"3News (NZ)","Региональные"
"3Sat","Иностранные"
"4 канал HD UA","Украинские"
"4 канал Украина HD","Украинские"
"43 HD","Региональные"
"43 канал HD","Региональные"
"47 канал (Санкт-Петербург)","Региональные"
"49 канал (Новосибирск)","Региональные"
"4fun Dance","Музыка"
"4Fun Gold Hits","Музыка"
"4Fun TV","Иностранные"
"4TV (Украина)","Украинские"
"5 канал (Украина)","Украинские"
"5 канал UA","Украинские"
"5 канал","Украинские"
"538 TV","Иностранные"
"66 канал (Израиль)","Иностранные"
"7 TV","Региональные"
"7 канал (KZ)","Казахстан"
"7 канал (Казахстан)","Казахстан"
"7 канал (Одесса)","Украинские"
"7 канал HD (Одесса)","Украинские"
"78 HD","Региональные"
"78 канал HD","Новостные"
"78 канал","Новостные"
"7TV HD Murcia","Региональные"
"7TV","Региональные"
"7ТВ","Развлекательные"
"8 TV (Латино)","Иностранные"
"8 Канал (Int.)","Общественные"
"8 канал (Беларусь)","Белорусские"
"8 Канал (Европа)","Общественные"
"8 Канал (Красноярск)","Региональные"
"8 Канал (Красноярский край)","Общественные"
"8 канал (Новосибирск)","Региональные"
"8 канал (Россия)","Общественные"
"8 канал int","Общественные"
"8 канал","Общественные"
"86 канал (Сургут)","Региональные"
"9 канал HD (Израиль)","Региональные"
"A1 HD","Фильмы"
"A1","Фильмы"
"A2 (Резерв)","Фильмы"
"A2","Фильмы"
"ABP Hindi vijesti","Иностранные"
"Abu Dhabi Drama","Иностранные"
"Abu Dhabi TV HD","Иностранные"
"ACB TV","Региональные"
"Accent TV","Иностранные"
"Actualitatea TV","Региональные"
"AD Sport 1 HD","Спорт"
"AD Sport 2 HD","Спорт"
"Ajara TV HD (Georgia)","Иностранные"
"Akudji HD","Развлекательные"
"Akudji TV HD (Резерв)","Развлекательные"
"Akudji TV HD","Развлекательные"
"Al Aqsa (Arabian)","Иностранные"
"Al Arabiya","Иностранные"
"Al Jazeera Documentary","Иностранные"
"Al Jazeera English","Иностранные"
"Al Kass Sports 1","Спорт"
"Al Kass Sports 4","Спорт"
"Al Kass Sports 5","Спорт"
"Al Rai","Иностранные"
"Al-Manar","Общественные"
"ALB MUSIC","Музыка"
"AlfaoMega TV","Религиозные"
"Allgaeu TV HD","Региональные"
"Almaty TV (KZ)","Казахстан"
"Alpha Media","Региональные"
"AMC","Фильмы"
"Amedia Hit HD","Фильмы"
"Amedia Hit","Фильмы"
"Amedia Premium HD","Фильмы"
"Amedia Premium","Фильмы"
"American Embassy TV Network","Иностранные"
"Amga tv","Магазин"
"Analai Express HD","Региональные"
"Ani","Детские"
"Animal Planet HD","Познавательные"
"Animal Planet","Познавательные"
"Animaux","Региональные"
"Anixe","Иностранные"
"Anyday 3D","Развлекательные"
"Anyday HD","Развлекательные"
"Arabica TV","Иностранные"
"ARD Das Erste","Иностранные"
"ARIANA TV Afganistan","Иностранные"
"Arirang","Иностранные"
"Armenia 1 Satellite HD","Армянские"
"Armenia TV Satellite","Армянские"
"Astana TV","Казахстан"
"Astrakhan.Ru live","Региональные"
"astro AWANI (Индонезия)","Иностранные"
"Atameken (KZ)","Казахстан"
"Atameken TV (KZ)","Казахстан"
"ATR","Украинские"
"ATV (Венгрия)","Иностранные"
"ATV Azerbaycan","Иностранные"
"Augsburg TV HD","Иностранные"
"Aurora TV","Музыка"
"AXN (Bulgaria)","Иностранные"
"AXN White (Bulgaria)","Иностранные"
"Az TV","Иностранные"
"Azteca Trece","Региональные"
"Babes TV HD","Для взрослых"
"Babestation","Магазин"
"Baby TV","Детские"
"Backus TV HD","Фильмы"
"Backus TV Страшное","Фильмы"
"BackusTV Страшное ","Фильмы"
"BackusTV Страшное","Фильмы"
"BackusTV","Фильмы"
"Balti TV (Moldova)","Молдова"
"Balti TV (Молдова) [FHD]","Молдова"
"Balti TV HD (Moldova)","Молдова"
"Bambarbia TV [HD]","Украинские"
"Bambarbia TV","Украинские"
"Bazar TV (KZ)","Казахстан"
"BB-MV Lokal-TV","Иностранные"
"BBC Arabic","Иностранные"
"BBC Brit HD (Polska)","Иностранные"
"BBC Earth HD (Polska)","Иностранные"
"BBC HD (Nordic)","Иностранные"
"BBC Iran","Иностранные"
"BBC Lifestyle HD (Polska)","Иностранные"
"BBC World News","Иностранные"
"BBC","Иностранные"
"Beatz","Музыка"
"Beblack Africa","Музыка"
"Beblack Caribbean","Музыка"
"Beblack Classik","Музыка"
"Belsat TV","Иностранные"
"BEST Films HD","Фильмы"
"BFM Business (France)","Иностранные"
"BFM Paris","Иностранные"
"BHTV (Латино)","Музыка"
"BIM TV (Казань)","Музыка"
"BIM TV","Музыка"
"BISER","Музыка"
"BiT (Bulgaria)","Иностранные"
"Bloomberg","Иностранные"
"Blue Hustler","Для взрослых"
"BlueGrass Music 4U","Музыка"
"BNTV Bosnia","Иностранные"
"Bollywood HD","Индия"
"Bonum TV","Региональные"
"Boomerang","Детские"
"Boomerаng TV","Детские"
"Boutique TV (RU)","Магазин"
"Boutique TV (Россия)","Магазин"
"Boutique TV","Магазин"
"BPTV 1","Иностранные"
"BPTV 2","Иностранные"
"BR HD","Региональные"
"Brain TV HD","Украинские"
"Brazzers TV Europe","Для взрослых"
"Brazzers TV","Для взрослых"
"BRIDGE HD","Музыка"
"BRIDGE TV CLASSIC","Музыка"
"BRIDGE TV DANCE","Музыка"
"BRIDGE TV Русский хит","Музыка"
"BRIDGE TV","Музыка"
"Brodilo HD","Познавательные"
"Brodilo TV HD","Познавательные"
"Brodilo TV","Познавательные"
"Bronxnet Channel","Региональные"
"BTV (Moldova)","Региональные"
"Buy Home TV HD","Магазин"
"Buy Home TV","Магазин"
"C Music TV HD","Музыка"
"C-Span (USA)","Иностранные"
"C-Span 2 (USA)","Иностранные"
"C-Span 3 (USA)","Иностранные"
"California Music Channel","Музыка"
"Canal 25 (Латино)","Иностранные"
"Canal 4 Tenerife","Иностранные"
"CANAL CNC MEDELLIN HD","Иностранные"
"Canal Congreso","Иностранные"
"Canal Japanet DX","Иностранные"
"Canal Once","Иностранные"
"Canal Savoir (Франция)","Иностранные"
"Candy HD","Для взрослых"
"Candy","Для взрослых"
"Cannali TV","Музыка"
"Capital TV HD","Музыка"
"Capital TV","Музыка"
"CARINA TV (Italia)","Иностранные"
"Cars & Stars TV HD","Музыка"
"Cartoon Network HD ","Детские"
"Cartoon Network","Детские"
"Catve FM","Музыка"
"CBC Sport HD","Спорт"
"CBC TV","Иностранные"
"CBN (USA)","Иностранные"
"CBN Espanol","Иностранные"
"CBS News HD","Иностранные"
"CBS Reality","Развлекательные"
"CCTV4","Иностранные"
"CentoXCento TV","Для взрослых"
"CGTN Documentary","Иностранные"
"CGTN Espanol","Иностранные"
"CGTN Русский","Общественные"
"CGTN","Иностранные"
"Channel 20 (Israel)","Иностранные"
"Channel 21","Иностранные"
"Channel AKA","Музыка"
"Channels 24","Иностранные"
"CHAUla.tv","Музыка"
"China Business Network","Иностранные"
"Cinema HD (Космос ТВ)","Фильмы"
"Cinema TV (Космос ТВ)","Фильмы"
"Cinema","Фильмы"
"CITY TV (BG)","Иностранные"
"CITY TV (Одесса)","Украинские"
"City tv","Иностранные"
"Clik TV HD","Музыка"
"Clubbing TV HD","Музыка"
"CMC CALIFORNIA MUSIC CHANNEL","Музыка"
"CMC-USA COUNTRY MUSIC CHANNEL","Музыка"
"CNC World","Иностранные"
"CNN International","Иностранные"
"Comedy Central Austria","Иностранные"
"Comedy TV Georgia","Иностранные"
"Country Music 4U","Музыка"
"Coutry Music","Музыка"
"Credo TV","Религиозные"
"Crete TV (Greece)","Иностранные"
"Da Vinci Learning","Познавательные"
"Da Vinci","Познавательные"
"DD Lok Sabha","Иностранные"
"DD Punjabi","Иностранные"
"DeeJay TV","Музыка"
"Delta TV (Латино)","Музыка"
"Deluxe Music","Музыка"
"Deutsche Welle (Indonesia)","Иностранные"
"Deutsche Welle","Иностранные"
"Deutsches Musik Fernsehen","Музыка"
"Diema Family (Bulgaria)","Иностранные"
"Discovery (Bulgaria)","Иностранные"
"Discovery Channel HD","Познавательные"
"Discovery Channel","Познавательные"
"Discovery Historia Polska","Иностранные"
"Discovery Science HD","Познавательные"
"Discovery Science","Познавательные"
"Discovery Scienсe HD","Познавательные"
"Discovery Showcase hd","Познавательные"
"Disney Channel (+2)","Детские"
"Disney Channel (+4)","Детские"
"Disney Channel (+7)","Детские"
"Disney Channel Deutschland","Детские"
"Disney Channel","Детские"
"Djing Animation","Музыка"
"Djing Avicii","Музыка"
"Djing Classic","Музыка"
"Djing Classics","Музыка"
"Djing Electro Rock","Музыка"
"Djing French touch","Музыка"
"Djing Hedonist","Музыка"
"Djing Ibiza","Музыка"
"Djing Karaoke","Музыка"
"Djing Summer Vibes","Музыка"
"Djing Trick","Музыка"
"Djing TV","Музыка"
"Djing Underground","Музыка"
"DMAX Austria","Иностранные"
<<<<<<< HEAD
"Docent_13","Неизвестная"
"Docent","Неизвестная"
=======
"Docent","Познавательные"
>>>>>>> 15dc24325ead5b8887cab0a0358ce58b95626775
"DocuBox","Познавательные"
"Dog TV","Развлекательные"
"Dream Turk","Музыка"
"Dream TV","Музыка"
"Drotv HD","Иностранные"
"DTX HD","Познавательные"
"DTX","Познавательные"
"Dubai One HD","Иностранные"
"Dubai Sport TV","Спорт"
"Dubai Sports 2","Спорт"
"Dubai TV HD","Иностранные"
"Dubai Zaman","Иностранные"
"Duga Plus","Музыка"
"Dunya TV","Иностранные"
"DUOC UC AE RADIO","Иностранные"
"Dusk TV","Для взрослых"
"DW TV English","Иностранные"
"DW","Иностранные"
"E TV HD","Развлекательные"
"E TV","Развлекательные"
"E! Entertainment TV","Иностранные"
"Emarat HD","Иностранные"
"En TV (Энергодар)","Украинские"
"English Club TV","Иностранные"
"Enlace Juvenil TV","Музыка"
"Enter-фильм","Украинские"
"Epoque HD","Познавательные"
"Epoque","Познавательные"
"Erkir Media TV","Фильмы"
"EROX (HD)","Для взрослых"
"ertsulovneba (Грузия)","Иностранные"
"ESKA BEST MUSIC TV","Музыка"
"ESKA PARTY TV","Музыка"
"Eska Rock TV","Музыка"
"ESKA Wawa TV","Музыка"
"ESTV TV HD (Латино)","Музыка"
"ETV","Иностранные"
"ETV2","Иностранные"
"EU Music HD","Музыка"
"Eurochannel","Фильмы"
"EuroNews France","Иностранные"
"EuroNews German","Иностранные"
"EuroNews Greek","Иностранные"
"EuroNews Italian","Иностранные"
"Euronews","Новостные"
"Europa Plus TV (Беларусь)","Музыка"
"Europa Plus TV","Музыка"
"Eurosport 1 Deutschland","Спорт"
"Eurosport 1 HD","Спорт"
"Eurosport 1","Спорт"
"Eurosport 2 (Bulgaria)","Спорт"
"Eurosport 2 HD","Спорт"
"Eurosport 2","Спорт"
"Eurosport Gold HD","Спорт"
"Eurosport Gold","Спорт"
"Eurosport News","Новостные"
"EvilAngel","Для взрослых"
"Evine Live (USA)","Магазин"
"EWTN - Katholisches Fernsehen","Религиозные"
"EWTN UK and Ireland","Религиозные"
"EWTN Ukraine","Украинские"
"Extreme Sports","Спорт"
"EТV+","Украинские"
"Familia Domashniy","Иностранные"
"FAP TV 2 HD","Для взрослых"
"FAP TV 2","Для взрослых"
"FAP TV 3","Для взрослых"
"FAP TV 4","Для взрослых"
"FAP TV Amateur","Для взрослых"
"FAP TV Anal","Для взрослых"
"FAP TV BBW","Для взрослых"
"FAP TV Compilation","Для взрослых"
"FAP TV Gay","Для взрослых"
"FAP TV Legal Porno","Для взрослых"
"FAP TV Lesbian","Для взрослых"
"FAP TV Older","Для взрослых"
"FAP TV Parody","Для взрослых"
"FAP TV Pissing","Для взрослых"
"FAP TV Shemale","Для взрослых"
"FAP TV Teaching","Для взрослых"
"FAP TV Teens","Для взрослых"
"FAP TV Trans","Для взрослых"
"FAP TV UHD 4K","Для взрослых"
"Fashion One HD","Мода"
"Fashion TV HD","Мода"
"Fashion TV","Мода"
"FashionBox","Мода"
"Fast and FunBox HD","Развлекательные"
"Fast and FunBox","Развлекательные"
"FightBox HD","Спорт"
"FightBox","Спорт"
"FilMaX TV HD","Иностранные"
"FilmBox Action","Иностранные"
"FilmBox Arthouse Rus","Фильмы"
"FilmBox Arthouse","Фильмы"
"FilmBox Family","Фильмы"
"Filmbox Premium Polska","Иностранные"
"FilmBox","Фильмы"
"FilmMaX TV","Фильмы"
"FILMUADRAMA HD","Украинские"
"FILMUADRAMA","Украинские"
"Fine Living Network","Познавательные"
"Fix HD","Иностранные"
"Fjorton HD","Музыка"
"FJORTON","Музыка"
"FM ТВ (Симферополь)","Региональные"
"Food Network HD","Кухня"
"Food Network","Кухня"
"Foodman Club TV HD","Кухня"
"Fox Crime (Bulgaria)","Иностранные"
"FOX HD","Фильмы"
"FOX Life HD","Фильмы"
"FOX Life","Фильмы"
"FOX","Фильмы"
"France 24 English","Иностранные"
"France 24 HD","Иностранные"
"France 24","Иностранные"
"FrenchLover TV","Для взрослых"
"Fresh TV","Музыка"
"FreshTV","Музыка"
"Fuel TV HD","Мужские"
"G TV (Одесса)","Иностранные"
"Gakku TV","Казахстан"
"Gakku","Казахстан"
"Galaxy TV","Познавательные"
"Galaxy","Познавательные"
"Game Show HD","Развлекательные"
"Game Show","Развлекательные"
"GamEshow","Развлекательные"
"Gametoon (HD)","Развлекательные"
"GDS TV","Музыка"
"Global Star TV","Развлекательные"
"Global Star","Развлекательные"
"God TV UK","Религиозные"
"Golf Channel Polska HD","Спорт"
"GTV (Одесса)","Украинские"
"Gulli Girl","Детские"
"Gulli","Детские"
"h1 Прилеп (Macedonia)","Иностранные"
"H2 HD (Polska)","Иностранные"
"H2 HD","Познавательные"
"HardLife TV","Музыка"
"HardLife","Музыка"
"HBO (Bulgaria)","Иностранные"
"HBO 2 HD (Polska)","Иностранные"
"HBO 3 HD (Polska)","Иностранные"
"HD Fashion & Lifestyle UA","Мода"
"HD Fashion & LifeStyle","Мода"
"HD Fashion UA","Украинские"
"HD Life","Познавательные"
"HD Media 3D","Познавательные"
"HD Media","Познавательные"
"HDL","Познавательные"
"HDmusic","Музыка"
"HDrelax","Развлекательные"
"Heart TV HD","Музыка"
"Heart TV","Музыка"
"Heart","Музыка"
"Heavy Metal Television","Музыка"
"Heavy Metal TV","Музыка"
"History Channel Europe","Иностранные"
"History HD","Познавательные"
"History","Познавательные"
"HIT (Орск)","Музыка"
"HiT Music Channel","Музыка"
"Hit Music","Музыка"
"HIT TV (ESP)","Музыка"
"HIT TV Channel (KZ)","Казахстан"
"Hit TV","Музыка"
"HITV HD","Музыка"
"HITV","Музыка"
"HIТV HD","Музыка"
"Hope TV","Музыка"
"HSE 24 Extra","Иностранные"
"Hustler HD","Для взрослых"
"IB3 TV","Иностранные"
"iConcerts HD","Музыка"
"Ictimai TV","Иностранные"
"ICTV","Украинские"
"ID Fashion (KZ)","Казахстан"
"ID Fashion HD","Мода"
"ID Fashion UA HD","Мода"
"ID Investigation Discovery","Познавательные"
"ID Xtra HD","Познавательные"
"ID Xtra","Познавательные"
"Ideal World","Магазин"
"Idman TV","Спорт"
"ILand (ISR)","Религиозные"
"ILand TV HD (ISR)","Религиозные"
"ILand","Религиозные"
"Imedi TV HD (Georgia)","Иностранные"
"In Life BG","Иностранные"
"InterAz","Иностранные"
"Ionian Channel (Greece)","Иностранные"
"Islam Channel","Религиозные"
"IZ.RU HD","Новостные"
"IZ.RU","Новостные"
"Jasmin TV","Для взрослых"
"JimJam","Детские"
"JML Direct Shop","Иностранные"
"JOJ FAMILY HD (Словакия)","Иностранные"
"JOJ HD (Словакия)","Иностранные"
"JOJ PLUS HD (Словакия)","Иностранные"
"Jurnal TV","Иностранные"
"K3 (Bulgaria)","Иностранные"
"Kahkeshan TV","Иностранные"
"Kan 11 (Israel)","Иностранные"
"Kanal 11 (Estonia)","Иностранные"
"Kanal 9 (Sweden)","Иностранные"
"Kanals 2 (Latvia)","Иностранные"
"Kanаl 2","Иностранные"
"Kazakh TV (RU)","Казахстан"
"Kazakh TV","Казахстан"
"KazSport","Спорт"
"KBS World HD","Иностранные"
"KIDS FM TV","Детские"
"KidZone Baltic","Детские"
"KiKa","Детские"
"Kino 24","Фильмы"
"Kino Polska Muzyka","Музыка"
"KinoTV Polska","Иностранные"
"Klipkar TV","Музыка"
"Klipklar TV Music","Музыка"
"KRATU (Херсон)","Украинские"
"KRATU","Украинские"
"Kronehit HD","Музыка"
"Kronehit TV HD","Музыка"
"KTV 1","Иностранные"
"KTV Al Arabi","Иностранные"
"La 1 (Испания)","Иностранные"
"La Sexta (Испания)","Иностранные"
"Lale","Иностранные"
"Lampsi TV (Greece)","Иностранные"
"Lancelot TV (Латино)","Иностранные"
"Leomax","Магазин"
"Libya TV","Иностранные"
"Lider TV","Иностранные"
"Life HD","Новостные"
"Livechannel","Для взрослых"
"London Live","Познавательные"
"LOST HD","Фильмы"
"LRT KULTURA","Иностранные"
"LRT Lituanica","Иностранные"
"LTV 1","Иностранные"
"LTV World","Иностранные"
"Luxury TV","Развлекательные"
"Luxury","Познавательные"
"M-1 Global HD","Спорт"
"M-1 Global TV [FHD]","Спорт"
"M2o TV Music","Музыка"
"M2O TV","Иностранные"
"Maestro (Georgia)","Иностранные"
"Mango TV","Магазин"
"Marao (Georgia)","Иностранные"
"Maxxi-TV","Украинские"
"MCM TOP","Музыка"
"Medeniyyet TV","Иностранные"
"MediaShop","Магазин"
"Melody TV","Музыка"
"Metal TV","Музыка"
"Metro","Иностранные"
"Mezzo Live HD","Музыка"
"Mezzo","Музыка"
"MGM HD","Фильмы"
"Mi Lady","Украинские"
"Milliy TV","Иностранные"
"Mnogo TV - Fantasy (Беларусь)","Белорусские"
"Mnogo TV - Kids TV (Беларусь)","Белорусские"
"Mnogo TV - Первый Мистический (Беларусь)","Белорусские"
"Mnogo TV - Познавательное ТВ (Беларусь)","Белорусские"
"Mnogo TV (Беларусь)","Белорусские"
"Moldova 1","Иностранные"
"Moldova 2","Иностранные"
"Mooz Dance","Музыка"
"Mooz HD","Музыка"
"Mooz Hits","Музыка"
"Mooz RO!","Музыка"
"Most Video 1 (Украина)","Украинские"
"Most Video TV HD","Спорт"
"MostVideo.TV","Украинские"
"Motors TV","Мужские"
"Movies4Men (+1)","Иностранные"
"Movies4Men","Иностранные"
"MSNBC HD","Иностранные"
"MTA International","Иностранные"
"MTV (Norg)","Музыка"
"MTV (Уфа)","Региональные"
"MTV Dance","Музыка"
"MTV HD","Музыка"
"MTV Hits","Музыка"
"MTV Lebanon","Общественные"
"MTV Live HD","Музыка"
"MTV Mix (Уфа)","Региональные"
"MTV Rocks","Музыка"
"MTV Russia HD","Музыка"
"MTV Russia","Музыка"
"MTV Россия","Музыка"
"Museum HD","Познавательные"
"Music Box Gold","Музыка"
"Music Box RU HD","Музыка"
"Music Box RU","Музыка"
"Music Box UA","Украинские"
"Music Box","Музыка"
"Music Choice 90s","Музыка"
"Music Choice Alternative","Музыка"
"Music Choice Brits Hits","Музыка"
"Music Choice Dance EDM","Музыка"
"Music Choice HIP HOP RanB","Музыка"
"Music Choice Hit List","Музыка"
"Music Choice INDIE","Музыка"
"Music Choice KIDS ONLY","Музыка"
"Music Choice METAL","Музыка"
"Music Choice Mexicana","Музыка"
"Music Choice MUSICA URBANA","Музыка"
"Music Choice Pop Country","Музыка"
"Music Choice Pop Hits","Музыка"
"Music Choice POP LATINO","Музыка"
"Music Choice RanB SOUL","Музыка"
"Music Choice Rap","Музыка"
"Music Choice ROCK","Музыка"
"Music Choice Teen Beats","Музыка"
"Music Choice Today","Музыка"
"Music Choice Toddler Tunes","Музыка"
"Music Choice Tropicales","Музыка"
"Music Choice Y2K RAP","Музыка"
"Music Choice Y2K","Музыка"
"Music Choice","Музыка"
"Music Vox TV Olds Cool","Музыка"
"Music Vox TV","Музыка"
"MusicBox (Georgia)","Музыка"
"MusicBox (Slovakia)","Музыка"
"MUSICBOX RU HD","Музыка"
"MUSICBOX RU","Музыка"
"MUSICBOX UA HD","Музыка"
"MUSICBOX UA","Музыка"
"MUSICBOX","Музыка"
"Muzlife TV (KZ)","Казахстан"
"Muzlife","Музыка"
"MuzzOne","Музыка"
"myZen.tv HD","Спорт"
"MyНits","Музыка"
"N-TV","Иностранные"
"N24 Austria","Иностранные"
"N24 Doku","Иностранные"
"N4 TV","Иностранные"
"Nano HD","Познавательные"
"Nano TV HD","Познавательные"
"Nano TV","Познавательные"
"Nano","Новостные"
"NASA TV Public","Иностранные"
"Nat Geo (Bulgaria)","Иностранные"
"Nat Geo Wild (Bulgaria)","Иностранные"
"Nat Geo Wild HD","Познавательные"
"Nat Geo Wild","Познавательные"
"Nat Geo","Иностранные"
"National Geographic Abu Dhabi HD","Иностранные"
"National Geographic HD","Познавательные"
"National Geographic Polska","Познавательные"
"National Geographic","Познавательные"
"Nautical Channel","Познавательные"
"Nautical Channеl HD","Спорт"
"NBA TV","Спорт"
"NEBISET TV","Музыка"
"Nebiset","Музыка"
"New Generation (Greece)","Музыка"
"News Network","Украинские"
"NewsOne HD","Украинские"
"NewsOne TV [FHD]","Украинские"
"NewsOne","Украинские"
"NEX TV (Spain)","Развлекательные"
"NFL Now","Иностранные"
"NHK (Japan)","Иностранные"
"NHK World TV","Познавательные"
"NHK World","Иностранные"
"Nick Austria","Детские"
"Nick Jr.","Детские"
"Nick Jr","Детские"
"Nickelodeon HD","Детские"
"Nickelodeon","Детские"
"NickToons","Детские"
"Nobel TV (Днепр)","Украинские"
"Nova (Bulgaria)","Иностранные"
"NOVA TV (Bulgaria)","Иностранные"
"NR1","Музыка"
"NRJ Hits TV HD","Музыка"
"NRJ Hits","Музыка"
"NRJ TV","Музыка"
"NRK 1","Иностранные"
"Nrwision HD","Иностранные"
"NTD TV","Иностранные"
"NTV Moldova (Молдова)","Молдова"
"NTV TURKIYE HD","Иностранные"
"Nuart TV","Для взрослых"
"O la la","Для взрослых"
"O-la-la","Для взрослых"
"O-TV","Украинские"
"Obieqtivi TV","Иностранные"
"OBOZ TV","Украинские"
"Ocean TV","Познавательные"
"Ocean-TV","Познавательные"
"Ocko Expres","Музыка"
"Ocko Star","Музыка"
"Ocko TV Expres","Музыка"
"Ocko TV Gold","Музыка"
"Ocko TV Mixer","Музыка"
"Ocko TV","Музыка"
"Ocko","Музыка"
"Odessa Fashion","Украинские"
"Olive TV","Религиозные"
"Olvia (Одесса)","Украинские"
"Olympic Channel HD","Спорт"
"Omega (Iceland)","Религиозные"
"Omroep Zeeland","Иностранные"
"ON! Пятница","Казахстан"
"Onda Cadiz (Латино)","Иностранные"
"Oromar TV (Латино)","Иностранные"
"OTV Music","Музыка"
"OTV","Региональные"
"Outdoor Channel HD","Познавательные"
"Outdoor HD","Познавательные"
"Outdoor","Познавательные"
"Paramount Channel HD","Фильмы"
"Paramount Channel","Фильмы"
"Paramount Comedy HD","Фильмы"
"Paramount Comedy","Фильмы"
"PassionXXX","Для взрослых"
"Peace TV","Религиозные"
"Pearl TV","Магазин"
"PGCPS","Иностранные"
"Phoenix CNE","Иностранные"
"Phoenix Marie TV","Для взрослых"
"Pink O TV","Для взрослых"
"Play Channel","Музыка"
"Playboy TV","Для взрослых"
"Polo PARTY TV","Музыка"
"Polonia 1","Иностранные"
"Polsat 2 HD","Иностранные"
"Polsat Cafe HD","Иностранные"
"Polsat Film","Иностранные"
"Polsat HD","Иностранные"
"Polsat News 2","Иностранные"
"Polsat News HD","Иностранные"
"Polsat Play HD","Иностранные"
"Polsat Sport Extra","Спорт"
"Polsat Sport","Спорт"
"Polsat","Иностранные"
"PORTALFOXMIX TV","Музыка"
"Power HD","Музыка"
"PowerTurk HD","Музыка"
"Private HD","Для взрослых"
"Pro 100 TV","Фильмы"
"Pro TV Chisinau","Иностранные"
"Pro TV News","Иностранные"
"Pro Все","Украинские"
"Pro100 TV","Фильмы"
"Propeller TV","Иностранные"
"Public TV","Общественные"
"PZN Stream","Спорт"
"PZN Streams Footbal","Спорт"
"PZN Streams","Спорт"
"QMusic","Музыка"
"QTV","Украинские"
"QVC Beauty and Style","Иностранные"
"QVC Deutschland","Иностранные"
"Radio 105 Network TV","Музыка"
"Radio 105 TV","Музыка"
"Radio 51 TV","Музыка"
"Radio Bruno","Музыка"
"Radio Capital TV","Музыка"
"Radio Contact TV","Музыка"
"Radio Linea N1 HD","Музыка"
"Radio Monte Carlo TV","Музыка"
"Radio Number One TV","Музыка"
"Radio Taormina","Музыка"
"RadioU","Музыка"
"Rai 1","Иностранные"
"Rai 2","Иностранные"
"Rai 3","Иностранные"
"Rai 4","Иностранные"
"Rai 5","Иностранные"
"Rai Guip HD","Иностранные"
"Rai Movie","Иностранные"
"Rai News 24","Иностранные"
"Rai Premium","Иностранные"
"Rai Scuola","Иностранные"
"Rai Storia","Иностранные"
"Rai Yoyo","Иностранные"
"RaiNews 24","Иностранные"
"Ran 1 TV (Germany)","Иностранные"
"Real Madrid TV (Испания)","Спорт"
"Real Madrid TV","Спорт"
"Red Bull TV","Спорт"
"Red Bull","Спорт"
"Redlight HD","Для взрослых"
"Relax.TV","Развлекательные"
"Renome (Одесса)","Украинские"
"RENOME","Познавательные"
"Retro Music TV","Музыка"
"RETRO TV","Музыка"
"Revelation TV","Религиозные"
"Ribera TV (Spain)","Иностранные"
"RIGA 24 TV (Latvia)","Иностранные"
"RIK HD (Словакия)","Иностранные"
"Ritsa TV","Музыка"
"RMC TV","Музыка"
"Rock Nacional","Музыка"
"RT HD","Иностранные"
"RT Документальный HD","Иностранные"
"RTG HD","Познавательные"
"RTG TV HD","Познавательные"
"RTG","Познавательные"
"RTI HD","Украинские"
"RTI","Украинские"
"RTK1","Иностранные"
"RTK3","Иностранные"
"RTK4","Иностранные"
"RTL 102.5 TV","Музыка"
"RTL 2 Austria","Иностранные"
"RTL 2 Deutschland","Иностранные"
"RTL Austria","Иностранные"
"RTL Nitro","Иностранные"
"RTL Switzerland","Иностранные"
"RTL Television","Иностранные"
"RTL West","Иностранные"
"RTLplus Deutschland","Иностранные"
"RTR Moldova","Иностранные"
"RTV Drenthe","Иностранные"
"RtvCE (Italia)","Иностранные"
"RTVi","Общественные"
"RTД HD","Познавательные"
"RTД","Познавательные"
"RU TV (Беларусь)","Белорусские"
"RU TV (Молдова)","Молдова"
"RU TV HD","Музыка"
"RU TV","Музыка"
"RUSONG TV","Музыка"
"Russia Today Arabic","Иностранные"
"Russia Today Espanol","Иностранные"
"Russia Today HD","Иностранные"
"Russia Today Док","Иностранные"
"Russia Today Документальный HD","Иностранные"
"Russia Today","Иностранные"
"Russian Music Box","Музыка"
"Sama Dubai HD","Иностранные"
"Satisfaction HD","Для взрослых"
"SBN International","Религиозные"
"SciFi Universal","Иностранные"
"SCT","Для взрослых"
"Semerkand HD","Иностранные"
"SENAL PROVINCIAL","Иностранные"
"SET HD","Фильмы"
"SET","Фильмы"
"Setanta Sports +","Спорт"
"Setanta Sports Eurasia HD","Спорт"
"Setanta Sports HD","Спорт"
"Setanta Sports+ Eurasia HD","Спорт"
"Setanta Sports+ HD","Спорт"
"Seven TV (60 Fps)","Общественные"
"Sever TV HD","Региональные"
"Sever TV","Региональные"
"Sextosenso","Для взрослых"
"SGDF 24","Музыка"
"Shant Premium HD","Армянские"
"SHANT PREMIUM","Армянские"
"Shop 24","Магазин"
"Shop and Show","Магазин"
"Shop Channel Japan","Магазин"
"Shop24","Развлекательные"
"Shop24Direct","Иностранные"
"Shopping Live","Магазин"
"Shopping TV","Магазин"
"Showcase","Иностранные"
"Silence TV HD","Познавательные"
"Silence TV","Познавательные"
"Silk Sport 1","Спорт"
"Silk Sport 2","Спорт"
"Silk Sport 3","Спорт"
"Silk Universal","Спорт"
"SinoVision","Иностранные"
"Sirius TV","Украинские"
"Sirius","Украинские"
"Sixx Deutschland","Иностранные"
"Sjuan","Иностранные"
"Sky News Arabia","Новостные"
"Sky News HD","Иностранные"
"Sky Sport News HD Deutschland","Спорт"
"Slagr TV","Музыка"
"Sochi 24 HD","Региональные"
"SONG TV (Armenia)","Армянские"
"SONG TV Armenia [HD]","Музыка"
"SONG TV Georgia [HD]","Музыка"
"Song TV HD (Armenia)","Армянские"
"SONG TV HD (Georgia)","Иностранные"
"SONG TV HD (Russia)","Музыка"
"SONG TV HD AM","Музыка"
"SONG TV Russia [HD]","Музыка"
"Sonnenklar TV HD","Иностранные"
"Sony Channel HD","Фильмы"
"Sony Channel","Фильмы"
"Sony Sci Fi","Фильмы"
"Sony Sci-Fi","Фильмы"
"Sony Turbo","Фильмы"
"Space TV","Иностранные"
"Sparhandy TV","Иностранные"
"Spike HD","Фильмы"
"Spike","Развлекательные"
"Spirit TV","Иностранные"
"Sport Klub Polska HD","Спорт"
"Sports TV","Спорт"
"Star Cinema HD","Фильмы"
"STARS TV HD","Иностранные"
"Stars TV","Иностранные"
"Stopklatka TV","Иностранные"
"STR TV HD","Фильмы"
"STR TV","Фильмы"
"Studio 100 TV","Магазин"
"STV (Одесса)","Украинские"
"Super Polsat HD","Иностранные"
"Super RTL Austria","Иностранные"
"Super RTL Deutschland","Иностранные"
"Super Tennis HD","Спорт"
"Tagesschau 24","Иностранные"
"Tallinna TV","Иностранные"
"TBN Europe","Религиозные"
"TBN Украина HD","Украинские"
"TBN Украина","Украинские"
"TBS News Bird (Japan)","Иностранные"
"TELE 12 HD (Латино)","Иностранные"
"Tele 5","Иностранные"
"Tele Arena HD (Италия)","Иностранные"
"Tele Diogene (Италия)","Иностранные"
"TeleBasel (Германия)","Иностранные"
"Telemar (Spain)","Иностранные"
"TelePace HD","Религиозные"
"Teleromagna 24","Иностранные"
"Teleromagna Mia","Иностранные"
"Teleromagna","Иностранные"
"TeleSafor","Иностранные"
"Telesur","Иностранные"
"TeleTruria","Иностранные"
"The Dove (USA)","Религиозные"
"The Jewellery Channel","Магазин"
"The Word Network","Религиозные"
"This is Bulgaria HD","Иностранные"
"TiJi","Детские"
"TJK TV","Спорт"
"TLC (Bulgaria)","Иностранные"
"TLC Deutschland","Иностранные"
"TLC HD (Polska)","Иностранные"
"TLC HD","Познавательные"
"TLC","Познавательные"
"Toggo Plus","Иностранные"
"TOP 80","Музыка"
"TOP Cinema HD","Фильмы"
"Top Shop TV","Магазин"
"Top Shop","Магазин"
"TOP Sound","Музыка"
"TopShop","Магазин"
"torrent-tv.ru","Развлекательные"
"TR!CK HD","Развлекательные"
"TR!CK","Развлекательные"
"Travel + Adventure HD","Познавательные"
"Travel Channel HD","Познавательные"
"Travel Channel","Познавательные"
"Travel+ Adventure HD","Познавательные"
"Travel+ Adventure","Познавательные"
"TRT 1","Иностранные"
"TRT Al Arabiya","Иностранные"
"TRT COCUK HD","Иностранные"
"TRT SPOR","Иностранные"
"TRT Turk","Иностранные"
"TRT WORLD HD","Иностранные"
"Tuff TV","Иностранные"
"Tumar TV (KG)","Музыка"
"Tumar TV (Киргизия)","Музыка"
"TV 1000 World Kino","Фильмы"
"TV 1000","Фильмы"
"TV 2000 (Италия)","Иностранные"
"TV 4 HD (Polska)","Иностранные"
"TV 4","Иностранные"
"TV 538","Музыка"
"TV 7","Иностранные"
"TV 8 OSEM","Магазин"
"TV Biznes","Иностранные"
"TV Brics [FHD]","Новостные"
"TV Brics","Новостные"
"TV Evropa Bulgaria","Иностранные"
"TV Halle HD (Германия)","Иностранные"
"TV Kujawy (PL)","Иностранные"
"TV Mall","Магазин"
"TV Peru (Перу)","Иностранные"
"TV Sale","Магазин"
"TV XXI","Фильмы"
"TV Губерния (Воронеж)","Региональные"
"TV-MIX","Музыка"
"Tv-pro","Фильмы"
"TV1 (KG)","Иностранные"
"TV1 KG","Музыка"
"TV1000 Action HD","Фильмы"
"TV1000 Action","Фильмы"
"TV1000 HD","Фильмы"
"TV1000 Русское кино HD","Фильмы"
"TV1000 Русское кино","Фильмы"
"TV1000","Фильмы"
"TV1KG","Иностранные"
"TV3 (Estonia)","Иностранные"
"TV3 Catalunya","Иностранные"
"TV4 Film","Иностранные"
"TV5 (Запорожье)","Украинские"
"TV5 Monde","Иностранные"
"TV5","Украинские"
"TV6 (Latvia)","Иностранные"
"TV6","Иностранные"
"TV7+","Украинские"
"TVA HD (Германия)","Иностранные"
"TVl","Иностранные"
"TVM Channel","Музыка"
"TVM","Региональные"
"TVP Kultura","Иностранные"
"TVP Rozrywka","Иностранные"
"TVP Seriale","Иностранные"
"TVP Sport HD","Спорт"
"U TV","Музыка"
"U.HD","Музыка"
"UA TV HD","Украинские"
"UA TV","Украинские"
"UA Донбас","Украинские"
"UA Житомир","Украинские"
"UA Крим","Украинские"
"UA Крым","Украинские"
"UA Культура","Украинские"
"UA Одесса","Украинские"
"UA Перший","Украинские"
"UA Харьков","Украинские"
"Unicanal (Латино)","Иностранные"
"UNIVER TV HD (Казань)","Региональные"
"Univer TV HD","Познавательные"
"Univer TV","Познавательные"
"Univer","Региональные"
"Universal Channel HD (Polska)","Иностранные"
"VH1 Classic","Музыка"
"VH1 Europe","Музыка"
"VH1 European","Музыка"
"Viasat Explore HD","Познавательные"
"Viasat Explore","Познавательные"
"Viasat Fotboll","Спорт"
"Viasat Golf HD","Спорт"
"Viasat Golf","Спорт"
"Viasat History HD","Познавательные"
"Viasat History","Познавательные"
"Viasat Motor","Спорт"
"Viasat Nature","Познавательные"
"Viasat Nature/History HD","Познавательные"
"Viasat Sport Baltic","Спорт"
"Viasat Sport HD","Спорт"
"Viasat Sport","Спорт"
"Vibee TV HD","Музыка"
"VIP Comedy HD","Фильмы"
"ViP Megahit HD","Фильмы"
"ViP Megahit","Фильмы"
"ViP Premiere HD","Фильмы"
"ViP Premiere","Фильмы"
"VIP TV HD","Развлекательные"
"Virgin Radio TV","Музыка"
"Visit-X HD","Для взрослых"
"Viva Austria","Музыка"
"VoA TV Persian","Иностранные"
"VoA TV","Иностранные"
"Vonabe TV HD","Развлекательные"
"Vonabe TV","Развлекательные"
"VOTV HD UA","Украинские"
"VOTV UA","Украинские"
"VOX Austria","Иностранные"
"VOX Deutschland","Иностранные"
"VOX Switzerland","Иностранные"
"WAU HD (Словакия)","Иностранные"
"Wawa TV","Музыка"
"WBC","Познавательные"
"World Fashion Channel HD (Россия)","Мода"
"World Fashion Channel HD","Мода"
"World Fashion Channel International HD","Мода"
"World Fashion Channel Россия HD","Мода"
"World Fashion Channel","Мода"
"World Fashion HD","Мода"
"World Fashion RU","Мода"
"World Fashion","Мода"
"Xezer TV","Иностранные"
"Xite (NL)","Музыка"
"XITE HD (NL)","Музыка"
"XITE Music HD (GR)","Музыка"
"Xite TV HD (NL)","Музыка"
"XITE","Музыка"
"Xsport TV HD","Спорт"
"Xsport UA","Украинские"
"Xsport","Спорт"
"XXL","Для взрослых"
"yle tv","Иностранные"
"Z TV (Запорожье)","Украинские"
"ZDF","Иностранные"
"ZDFinfo","Иностранные"
"ZDFNeo","Иностранные"
"Zee TV","Индия"
"Zest TV","Для взрослых"
"Zik HD","Украинские"
"Zik TV HD","Украинские"
"Zik","Украинские"
"Zoo TV","Познавательные"
"Zoom TV","Развлекательные"
"Zoom","Украинские"
"Zooпарк","Познавательные"
"Zоопарк","Познавательные"
"А1 (Одесса)","Украинские"
"Абаза ТВ","Региональные"
"Аверс (Луцк)","Украинские"
"Авто 24 HD","Мужские"
"Авто 24","Мужские"
"Авто плюс","Мужские"
"АВТО24","Мужские"
"Аист ТВ (Иркутск)","Региональные"
"АИСТ","Украинские"
"Академия (Одесса)","Украинские"
"Алматы TV (KZ)","Казахстан"
"Анекдот ТВ","Развлекательные"
"Антимайдан","Украинские"
"Ариг Ус 24","Региональные"
"Аригус 24","Региональные"
"Арт видео","Белорусские"
"Архыз 24 HD","Региональные"
"Архыз 24","Региональные"
"Архыз24","Региональные"
"АСВ ТВ","Развлекательные"
"Астрахань 24 HD","Региональные"
"Астрахань 24","Региональные"
"Астрахань.Ru HD","Региональные"
"Астрахань.Ru TV HD","Региональные"
"Атамекен (Казахстан)","Казахстан"
"АТВ (Ставрополь)","Украинские"
"АТВ Ставрополь","Региональные"
"Афонтово (Красноярск)","Региональные"
"Баланс ТВ HD","Религиозные"
"Баланс ТВ","Общественные"
"Барс плюс","Магазин"
"Барс ТВ","Магазин"
"Башкортостан 24 HD","Региональные"
"Беларусь 1","Белорусские"
"Беларусь 2","Белорусские"
"Беларусь 24","Белорусские"
"Беларусь 3","Белорусские"
"Беларусь 4 (Витебск)","Белорусские"
"Беларусь 4 (Гомель)","Белорусские"
"Беларусь 4 (Могилев)","Белорусские"
"Беларусь 4 Могилёв","Белорусские"
"Беларусь 5","Белорусские"
"БелБизнесЧенел","Белорусские"
"Белгород 24","Региональные"
"БелМуз ТВ","Белорусские"
"БелРос (ТРО)","Белорусские"
"БелРос","Общественные"
"Бердянск тв","Украинские"
"Бигуди","Украинские"
"БИМ ТВ (Казань)","Региональные"
"БИМ ТВ","Музыка"
"Бобер","Познавательные"
"Бобёр","Познавательные"
"Боец","Спорт"
"Бойцовский Дух","Спорт"
"Бокс ТВ HD","Спорт"
"Бокс ТВ","Спорт"
"Большая Азия HD","Познавательные"
"Большая Азия","Познавательные"
"БРТ","Региональные"
"Брянская губерния","Региональные"
"БСТ (Челябинск)","Региональные"
"БСТ","Региональные"
"Буковина","Украинские"
"Бум ТВ [FHD]","Магазин"
"БУМ ТВ HD","Магазин"
"Бум ТВ","Магазин"
"Бутик ТВ (RU)","Магазин"
"В гостях у сказки","Детские"
"В мире животных HD","Познавательные"
"Вiнтера (Винница)","Украинские"
"Варяг ТВ","Белорусские"
"Варяг","Белорусские"
"Вера 24","Религиозные"
"Ветта 24","Региональные"
"ВИКОМ","Музыка"
"Винтаж ТВ","Украинские"
"Вирт.Кинотеатр:Зарубежная киноклассика","Фильмы"
"Вирт.Кинотеатр:Индийская киноклассика","Фильмы"
"Вирт.Кинотеатр:Классика Голливуда","Фильмы"
"Вирт.Кинотеатр:Советская киноклассика","Фильмы"
"Витебск ТВ","Белорусские"
"Витрина ТВ","Магазин"
"Вместе РФ HD","Новостные"
"Вместе РФ","Общественные"
"Вместе-РФ","Новостные"
"Возрождение TV [FHD]","Религиозные"
"Возрождение ТВ","Религиозные"
"Волга (Н. Новгород)","Региональные"
"Волга (Н.Новгород)","Региональные"
"Волга ТВ (Н.Новгород)","Региональные"
"Волгоград 24","Региональные"
"Волжский +","Региональные"
"Вопросы и Ответы","Развлекательные"
"Время","Общественные"
"Всё ТВ","Развлекательные"
"Вся Уфа","Региональные"
"ВТВ (Беларусь)","Белорусские"
"ВТВ BY","Белорусские"
"ВТВ Плюс (Херсон)","Украинские"
"ВТВ-Плюс","Украинские"
"ВТВ","Белорусские"
"Галичина","Украинские"
"Глас RU","Украинские"
"Глас UA","Украинские"
"Глас","Украинские"
"Говорит Москва","Новостные"
"Горизонт ТВ UA","Украинские"
"Горизонт","Региональные"
"Горная Страна ТВ HD","Познавательные"
"Горная страна","Познавательные"
"Городской телеканал г. Ярославль","Региональные"
"Грозный ТВ","Региональные"
"Грозный","Региональные"
"Громадське TV [FHD]","Украинские"
"Громадське","Украинские"
"Губерния (Воронеж)","Региональные"
"Губерния (Самара) ","Региональные"
"Губерния (Самара)","Региональные"
"Губерния (Хабаровск)","Региональные"
"Губерния Самара","Региональные"
"Губерния ТВ (Воронеж)","Региональные"
"Дагестан","Региональные"
"Дайвинг TV","Познавательные"
"Дайвинг ТВ","Познавательные"
"Дайвинг","Познавательные"
"Дача","Познавательные"
"Два Диеза","Музыка"
"Девятка ТВ (Киров) ","Региональные"
"Детский мир","Детские"
"Детский","Детские"
"Диалоги о рыбалке HD","Мужские"
"Диалоги о рыбалке","Мужские"
"Дисконт ТВ","Магазин"
"Дисконт","Магазин"
"Дождь HD","Общественные"
"Дождь","Общественные"
"Доктор","Познавательные"
"Дом кино Премиум HD","Фильмы"
"Дом кино","Фильмы"
"Домашние животные","Познавательные"
"Домашний (+2)","Общественные"
"Домашний (+4)","Общественные"
"Домашний (+7)","Общественные"
"Домашний +2 (Сургут)","Региональные"
"Домашний International","Развлекательные"
"Домашний магазин","Магазин"
"Домашний","Общественные"
"Дон 24 [FHD]","Региональные"
"Дон 24 HD","Региональные"
"Дон 24","Региональные"
"Донбас","Региональные"
"Донеччина TV [HD]","Региональные"
"Драйв","Мужские"
"Думская TV HD (Одесса)","Украинские"
"Евпатория тв","Региональные"
"Евразия (KZ)","Казахстан"
"Еврокино","Фильмы"
"Евроновости","Новостные"
"Еда HD","Кухня"
"Еда Премиум HD","Кухня"
"Еда Премиум","Кухня"
"Еда","Кухня"
"Еко TV","Украинские"
"Еко","Украинские"
"Ел Арна","Казахстан"
"Енисей","Региональные"
"Ералаш HD","Детские"
"Ескулап ТВ","Украинские"
"Ескулап-TV","Украинские"
"Еспресо TV","Украинские"
"Еспресо ТВ","Украинские"
"Еспресо","Украинские"
"Жара TV","Музыка"
"Жара","Музыка"
"Живая Планета","Познавательные"
"Живая природа HD","Познавательные"
"Живи!","Развлекательные"
"Житомир","Украинские"
"Загородная жизнь","Познавательные"
"Загородный","Познавательные"
"Звезда (+2)","Общественные"
"Звезда (+4)","Общественные"
"Звезда (+7)","Общественные"
"Звезда [FHD]","Общественные"
"Звезда","Общественные"
"Здоровое ТВ","Познавательные"
"Здоровье (Одесса)","Украинские"
"Зима ТВ (Чебоксары)","Региональные"
"Известия HD","Новостные"
"Известия ТВ [FHD]","Новостные"
"Известия ТВ HD","Новостные"
"Известия ТВ","Новостные"
"Известия","Новостные"
"ИКС (Севастополь)","Региональные"
"ИКС ТВ [FHD]","Региональные"
"ИКС","Региональные"
"Иллюзион+","Фильмы"
"Ингушетия ТВ","Региональные"
"Ингушетия","Региональные"
"Индиго TV","Украинские"
"Индиго ТВ","Украинские"
"Индиго","Украинские"
"Индийское кино","Индия"
"Интер","Украинские"
"Ирбис ТВ (KZ)","Казахстан"
"История","Познавательные"
"ИТВ (Крым)","Региональные"
"ИТВ Крым","Региональные"
"Июнь HD (Междуреченск)","Региональные"
"К1","Украинские"
"К2","Украинские"
"Каббала ТВ","Религиозные"
"Казспорт","Казахстан"
"Калейдоскоп ТВ","Развлекательные"
"Калейдоскоп","Развлекательные"
"Камеры Санкт-Петербурга","Развлекательные"
"Канал 3 Болгария","Иностранные"
"Караван ТВ","Иностранные"
"Карапуз ТВ HD","Детские"
"Карусель (+3)","Детские"
"Карусель (+4)","Общественные"
"Карусель (+6)","Детские"
"Карусель (+7)","Детские"
"Карусель International","Детские"
"Карусель","Детские"
"Карусель(+2)","Общественные"
"Катунь 24 (Барнаул)","Региональные"
"КВН ТВ","Развлекательные"
"Киев ТВ","Украинские"
"Киев","Украинские"
"Киевская Русь ТВ","Украинские"
"Кино HD (Резерв)","Фильмы"
"Кино HD","Фильмы"
"Кино ТВ HD","Фильмы"
"Кино ТВ","Фильмы"
"Кинокомедия","Фильмы"
"Киноменю HD","Фильмы"
"Киномикс","Фильмы"
"Кинопоказ HD-1","Фильмы"
"Кинопоказ HD-2","Фильмы"
"Кинопоказ","Фильмы"
"КиноПремиум HD","Фильмы"
"Кинопремьера HD","Фильмы"
"Киносвидание","Фильмы"
"Киносемья","Фильмы"
"Киносерия","Фильмы"
"Кинохит","Фильмы"
"ККК","Региональные"
"Классика кино HD","Фильмы"
"Классика кино","Фильмы"
"Комедия ТВ","Фильмы"
"Комедия","Фильмы"
"Конный мир HD","Спорт"
"Конный Мир SD","Спорт"
"Конный мир","Спорт"
"Кот ТВ","Детские"
"Красная линия ТВ","Общественные"
"Красная линия","Общественные"
"Краснодар Он-лайн","Краснодар"
"Краснодар ТВ","Краснодар"
"Крик ТВ","Региональные"
"КРИК-ТВ","Региональные"
"Кроха ТВ","Детские"
"КРТ","Украинские"
"Крым 1 [FHD]","Региональные"
"Крым 1 HD","Региональные"
"Крым 24 [FHD]","Региональные"
"Крым 24 HD","Региональные"
"Крым 24","Региональные"
"КТК","Казахстан"
"Кто есть кто","Познавательные"
"Кубань 24 Орбита","Краснодар"
"Курай ТВ","Региональные"
"Курай","Региональные"
"Кухня ТВ","Кухня"
"КХЛ HD","Спорт"
"КХЛ ТВ","Спорт"
"КХЛ","Спорт"
"ЛДПР ТВ HD","Развлекательные"
"ЛДПР ТВ","Развлекательные"
"Лида ТВ (BY)","Белорусские"
"Липецкое Время","Региональные"
"ЛитКлуб Проза","Познавательные"
"ЛитКлуб Слово","Познавательные"
"ЛитКлуб Стихи","Познавательные"
"ЛитКлуб ТВ - Проза","Познавательные"
"ЛитКлуб ТВ - Слово","Познавательные"
"ЛитКлуб ТВ - Стихи","Познавательные"
"Львiв ТВ","Украинские"
"Любимое TV","Детские"
"Любимое ТВ","Детские"
"Любимое.TV","Детские"
"Любимый HD (KG)","Кыргызстан"
"Любимый HD (Кыргызстан)","Развлекательные"
"Ля минор","Музыка"
"М1 (Самара)","Региональные"
"М1","Музыка"
"М2","Музыка"
"Мiсто (Полтава)","Украинские"
"Магия Кухни ТВ","Кухня"
"Майдан","Украинские"
"Макс 24 (Сочи)","Региональные"
"Макс 24","Региональные"
"Макси ТВ","Украинские"
"Макси","Украинские"
"Малятко TV","Украинские"
"Мама","Детские"
"Мамонтенок [FHD]","Детские"
"Мамонтенок HD","Детские"
"Матур ТВ HD","Музыка"
"Матч Боец","Спорт"
"Матч ТВ HD","Спорт"
"Матч ТВ","Спорт"
"Матч Футбол 1 HD","Спорт"
"Матч Футбол 2 HD","Спорт"
"Матч! HD","Спорт"
"Матч! Арена HD","Спорт"
"Матч! Арена","Спорт"
"Матч! Боец","Спорт"
"Матч! Игра HD","Спорт"
"Матч! Игра","Спорт"
"Матч! Наш спорт","Спорт"
"Матч! Планета","Спорт"
"Матч! Премьер","Спорт"
"Матч! ТВ HD","Спорт"
"Матч! ТВ","Спорт"
"Матч! Футбол 1 HD","Спорт"
"Матч! Футбол 1","Спорт"
"Матч! Футбол 2 HD","Спорт"
"Матч! Футбол 2","Спорт"
"Матч! Футбол 3 HD","Спорт"
"Матч! Футбол 3","Спорт"
"Матч! Футбол HD","Спорт"
"Матч!","Спорт"
"Мега","Украинские"
"Между.Net HD (Междуреченск)","Региональные"
"Миллет (Симферополь)","Региональные"
"Миллет","Региональные"
"Министерство идей","Познавательные"
"МИНСК TV HD","Белорусские"
"МИР (+2)","Общественные"
"Мир (+3)","Общественные"
"МИР (+7)","Общественные"
"Мир (Беларусь)","Белорусские"
"Мир [HD]","Общественные"
"Мир +3 (Казахстан)","Казахстан"
"Мир +4","Общественные"
"Мир 24 HD","Новостные"
"Мир 24","Новостные"
"Мир HD (Premium)","Общественные"
"Мир HD","Общественные"
"Мир Premium HD","Общественные"
"Мир Белогорья","Региональные"
"Мир сериала","Фильмы"
"Мир увлечений","Познавательные"
"Мир","Общественные"
"Мой город","Региональные"
"Морской HD","Познавательные"
"Морской","Познавательные"
"Москва 24","Общественные"
"Москва Доверие","Общественные"
"Москва. Доверие","Общественные"
"Московский образовательный","Познавательные"
"Мотор Спорт","Спорт"
"Моя планета","Познавательные"
"Моя Удмуртия","Региональные"
"МТВ (Волгоград)","Региональные"
"МТРК (KZ)","Казахстан"
"Мужское кино","Фильмы"
"Мужской","Мужские"
"Муз ТВ Азербайджан","Музыка"
"Муз ТВ","Музыка"
"Муз","Музыка"
"МузСоюз","Музыка"
"Музыка первого","Музыка"
"Мульт","Детские"
"Мультик HD","Детские"
"Мультимания ТВ (LV)","Иностранные"
"Мультимания","Детские"
"Мультимузыка","Детские"
"Надiя","Украинские"
"Надежда","Религиозные"
"Надия","Украинские"
"Назад в 90-е","Развлекательные"
"Народная дипломатия","Общественные"
"Настоящее время HD","Познавательные"
"Настоящее время","Познавательные"
"Настоящее страшное ТВ","Фильмы"
"Наука","Познавательные"
"Наш детектив HD","Фильмы"
"Наш детектив","Фильмы"
"Наш кинороман HD","Фильмы"
"Наш футбол HD","Спорт"
"Наш футбол","Спорт"
"Наша Сибирь HD","Познавательные"
"Наша Тема","Мужские"
"Наше TV","Фильмы"
"Наше Любимое HD","Фильмы"
"Наше любимое кино","Фильмы"
"Наше новое кино","Фильмы"
"Наше ТВ Витебск [BY]","Фильмы"
"Наше тв Витебск","Белорусские"
"Наше ТВ","Музыка"
"Неизвестная планета HD","Познавательные"
"Неизвестная планета","Познавательные"
"Ника ТВ (Калуга)","Региональные"
"ННТВ HD","Региональные"
"Новое Радио ТВ HD","Музыка"
"Новое Радио ТВ","Музыка"
"Новое Телевидение","Иностранные"
"Новороссия тв","Региональные"
"Новосибирские Новости","Региональные"
"Новый канал","Украинские"
"Новый мир","Региональные"
"Новый Христианский","Религиозные"
"Ностальгия","Общественные"
"Ночной клуб","Для взрослых"
"НСТ","Фильмы"
"НТА","Украинские"
"НТВ (+2)","Общественные"
"НТВ (+6)","Общественные"
"НТВ (+7)","Общественные"
"НТВ (Молдова)","Иностранные"
"НТВ HD","Общественные"
"НТВ Беларусь","Белорусские"
"НТВ Мир Балтия","Общественные"
"НТВ Молдова","Молдова"
"НТВ Право","Познавательные"
"НТВ Сериал","Фильмы"
"НТВ Стиль","Познавательные"
"НТВ","Общественные"
"НТВ+ Инфоканал","Развлекательные"
"НТВ+ Кино плюс","Фильмы"
"НТВ+ Наше кино","Фильмы"
"НТВ+ Наше новое кино","Фильмы"
"НТК UA","Украинские"
"НТК Украина","Украинские"
"НТК","Украинские"
"НТМ (Мордовия)","Региональные"
"НТМ HD (Мордовия)","Региональные"
"НТМ Телевидение Мордовии","Региональные"
"НТН","Украинские"
"НТС (Севастополь)","Региональные"
"О!","Детские"
"О!2 ТВ [FHD]","Музыка"
"О2 ТВ HD","Музыка"
"О2ТВ HD","Музыка"
"О2ТВ","Музыка"
"Общественное Независимое ТВ","Общественные"
"ОГТРК (Одесса)","Украинские"
"Одеса","Украинские"
"ОНТ (Беларусь)","Белорусские"
"ОНТ BY","Белорусские"
"ОНТ.BY","Белорусские"
"ОНТ/Первый канал HD","Белорусские"
"Оплот тв","Региональные"
"ОРТ Планета","Региональные"
"Оружие","Мужские"
"Осетия-Ирыстон","Региональные"
"Остросюжетное HD","Фильмы"
"ОТБ (Харьков)","Украинские"
"ОТБ Галичина","Украинские"
"ОТВ (Екатеринбург)","Региональные"
"ОТВ (Челябинск)","Региональные"
"ОТВ HD (Челябинск)","Региональные"
"Открытый [FHD]","Музыка"
"Открытый HD","Музыка"
"Открытый мир","Познавательные"
"ОТР","Общественные"
"ОТРК Кыргызстан","Иностранные"
"ОТС","Региональные"
"Охота и рыбалка","Мужские"
"Охотник и рыболов HD","Мужские"
"Охотник и рыболов","Мужские"
"Парк развлечений","Развлекательные"
"Первый HD","Общественные"
"Первый вегетарианский HD","Новостные"
"Первый вегетарианский","Познавательные"
"Первый Городской (Казань)","Региональные"
"Первый Городской (Калининград)","Региональные"
"Первый Городской (Киров)","Региональные"
"Первый Городской (Кривой Рог)","Региональные"
"Первый Городской (Нижний Новгород)","Региональные"
"Первый Городской (Одесса)","Украинские"
"Первый деловой","Новостные"
"Первый Западный (Львов)","Украинские"
"Первый канал ""Евразия""","Общественные"
"Первый канал (+2)","Общественные"
"Первый канал (+4)","Общественные"
"Первый канал (+7)","Общественные"
"Первый канал (Евразия)","Общественные"
"Первый канал HD (+4)","Общественные"
"Первый канал HD (Резерв)","Общественные"
"Первый канал HD","Общественные"
"Первый канал Санкт-Петербург","Региональные"
"Первый канал СНГ","Общественные"
"Первый канал","Общественные"
"Первый крымский","Региональные"
"Первый Метео","Познавательные"
"Первый Музыкальный BY [4K]","Белорусские"
"Первый Музыкальный BY [FHD]","Белорусские"
"Первый Музыкальный BY","Белорусские"
"Первый Музыкальный HD BY","Белорусские"
"Первый музыкальный HD","Музыка"
"Первый Музыкальный RU BY [FHD]","Белорусские"
"Первый Музыкальный RU BY","Белорусские"
"Первый Музыкальный RU HD BY","Белорусские"
"Первый музыкальный Россия HD","Музыка"
"Первый музыкальный Россия","Музыка"
"Первый музыкальный","Музыка"
"Первый образовательный","Познавательные"
"Первый","Общественные"
"Перец International","Развлекательные"
"Перший дiловий","Украинские"
"Перший Заходний","Украинские"
"Перший козацький","Украинские"
"Пиксель","Украинские"
"Пингвин ЛоЛо","Детские"
"Пинск ТВ","Белорусские"
"Пинск","Белорусские"
"Планета HD","Познавательные"
"Плюс Плюс","Детские"
"Плюс ТВ BY","Белорусские"
"ПлюсПлюс","Детские"
"Поехали!","Познавательные"
"Поставы  тв","Белорусские"
"Поставы TV","Белорусские"
"Правда ТУТ HD (Киев)","Украинские"
"Правда ТУТ HD (Львов)","Украинские"
"Правда тут HD","Украинские"
"Правда тут","Украинские"
"Премьера TV (Трейлеры)","Фильмы"
"Приключения HD","Познавательные"
"Про Бизнес","Новостные"
"Продвижение (+4)","Региональные"
"Продвижение (Омск)","Региональные"
"Продвижение +2 (Сургут)","Региональные"
"Продвижение HD (Омск)","Региональные"
"Продвижение","Региональные"
"Просвещение","Познавательные"
"Прямий HD","Украинские"
"Прямий","Украинские"
"Прямой","Украинские"
"Психология 21","Познавательные"
"ПСИХОЛОГИЯ21","Познавательные"
"Пхёнчхан 2018","Спорт"
"Пятница (+2)","Развлекательные"
"Пятница (+4)","Общественные"
"Пятница (+7)","Развлекательные"
"Пятница! (+2)","Развлекательные"
"Пятница! HD","Развлекательные"
"Пятница!","Развлекательные"
"Пятый канал (+2)","Общественные"
"Пятый канал (+7)","Общественные"
"Пятый канал HD","Общественные"
"Пятый канал","Общественные"
"Рада (Украина)","Украинские"
"Рада ТВ","Украинские"
"Рада","Украинские"
"Радио Вести FM RU (Веб-камера)","Новостные"
"Радио Маяк RU (Веб-камера)","Новостные"
"Радио Страна FM ТВ","Музыка"
"Радио Хит ТВ (Орск) [HD]","Музыка"
"Радио Шансон TV","Музыка"
"Радио Шансон ТВ [HD]","Музыка"
"Радио Шансон ТВ","Музыка"
"Радость моя","Детские"
"Раз ТВ","Развлекательные"
"Развлечение ТВ","Фильмы"
"Ратник HD","Познавательные"
"Ратник ТВ","Мужские"
"Ратник","Познавательные"
"РБК ТВ","Новостные"
"РБК","Новостные"
"РГВК Дагестан","Региональные"
"Регион 29","Региональные"
"Регион 67","Региональные"
"Релакс TV","Развлекательные"
"Рен (Орел)","Региональные"
"РЕН ТВ (+2)","Развлекательные"
"РЕН ТВ (+6)","Развлекательные"
"РЕН ТВ (+7)","Развлекательные"
"РЕН ТВ HD","Развлекательные"
"РЕН ТВ International","Развлекательные"
"РЕН ТВ ИСТОКИ (ОРЕЛ)","Региональные"
"РЕН ТВ Санкт-Петербург","Региональные"
"РЕН ТВ","Развлекательные"
"Рен ТВ/Истоки (Орел)","Региональные"
"Рен","Региональные"
"Репортер (Одесса)","Украинские"
"Ретро ТВ","Общественные"
"Ретро","Общественные"
"РЖД HD","Познавательные"
"РЖД","Познавательные"
"Рика ТВ (KZ)","Казахстан"
"Родное кино","Фильмы"
"Россия 1 (+2)","Общественные"
"Россия 1 (+4)","Общественные"
"Россия 1 (+6)","Общественные"
"Россия 1 (Кабардино-Балкария)","Региональные"
"Россия 1 (Калуга)","Региональные"
"Россия 1 (Липецк)","Региональные"
"Россия 1 (Н.Новгород)","Региональные"
"Россия 1 (Нижний Новгород)","Региональные"
"Россия 1 (Новосибирск)","Региональные"
"Россия 1 (Пенза)","Региональные"
"Россия 1 (Тамбов)","Региональные"
"Россия 1 (Тула)","Региональные"
"Россия 1 (Чита) +6","Региональные"
"Россия 1 (Чита)","Региональные"
"Россия 1 (Чувашия)","Региональные"
"Россия 1 +6 (Чита)","Региональные"
"Россия 1 HD","Общественные"
"Россия 1 Санкт-Петербург","Региональные"
"Россия 1","Общественные"
"Россия 24 (Липецк)","Региональные"
"Россия 24 (Н.Новгород)","Региональные"
"Россия 24 (Нижний Новгород)","Региональные"
"Россия 24 (Пенза)","Региональные"
"Россия 24 (Тамбов)","Региональные"
"Россия 24 (Томск)","Региональные"
"Россия 24 (Чувашия)","Региональные"
"Россия 24 (Южный Урал)","Региональные"
"Россия 24 HD","Новостные"
"Россия 24 Новосибирск","Региональные"
"Россия 24","Новостные"
"Россия К (+2)","Общественные"
"Россия К (+4)","Общественные"
"Россия К (+7)","Общественные"
"Россия К","Общественные"
"Россия РТР +3","Общественные"
"Россия РТР","Общественные"
"Ростов-папа (Ростов)","Региональные"
"Ростов-папа HD","Региональные"
"Ростов-ПАПА","Региональные"
"РТР Беларусь","Белорусские"
"РТР Планета","Общественные"
"Рубль ТВ","Общественные"
"Рубль","Общественные"
"Рудана","Украинские"
"Русская ночь","Для взрослых"
"Русский бестселлер","Фильмы"
"Русский детектив","Фильмы"
"Русский иллюзион","Фильмы"
"Русский роман HD","Фильмы"
"Русский роман","Фильмы"
"Русский север","Региональные"
"Русский экстрим (Ретро)","Мужские"
"Русский экстрим HD","Мужские"
"Русский экстрим Ретро","Мужские"
"Русский экстрим","Мужские"
"Рустави 2","Иностранные"
"Рыба TV HD","Мужские"
"Рыжий (сурд.)","Детские"
"Рыжий HD","Детские"
"Рыжий","Детские"
"Санкт-Петербург","Общественные"
"Саратов 24 ","Региональные"
"Саратов 24","Региональные"
"Сарафан","Фильмы"
"Светлое ТВ BY","Белорусские"
"Светлое ТВ","Региональные"
"Свое ТВ (Ставрополь)","Региональные"
"Своё ТВ (Ставрополь)","Региональные"
"Север","Региональные"
"Сила ТВ HD","Мужские"
"Синема ТВ (Космос ТВ BY)","Белорусские"
"Синергия ТВ","Познавательные"
"Сити (Брест) [BY]","Белорусские"
"Сити BY","Белорусские"
"СК1 (Житомир)","Украинские"
"СК1 HD (Житомир)","Украинские"
"Сказки Зайки","Детские"
"Скат 24","Региональные"
"Скиф (Беларусь)","Белорусские"
"Скиф (Орша) [BY]","Белорусские"
"Скиф 2 (Беларусь)","Белорусские"
"Смайл ТВ","Региональные"
"Смайл ТВ/ТНТ4 +2","Региональные"
"Смайлик ТВ HD","Детские"
"Смайлик ТВ","Детские"
"Совершенно секретно","Познавательные"
"Сонце","Украинские"
"Сочи 24 HD","Региональные"
"Союз","Религиозные"
"Спас","Религиозные"
"СССР Фильмы","Фильмы"
"Старт HD","Спорт"
"Старт ТВ HD","Спорт"
"Старт","Спорт"
"СТБ","Украинские"
"СТВ (Беларусь)","Белорусские"
"СТВ Казахстан","Казахстан"
"СТВ","Белорусские"
"Страна FM TV","Музыка"
"Страна FM ТВ HD","Музыка"
"Страна FM ТВ","Музыка"
"Страна FM","Музыка"
"СТРАХ HD","Фильмы"
"Страшное HD","Фильмы"
"СТРК HD Сочи","Региональные"
"СТРК HD","Региональные"
"СТС (+2)","Развлекательные"
"СТС (+4)","Развлекательные"
"СТС (+6)","Развлекательные"
"СТС (+7)","Развлекательные"
"СТС International","Развлекательные"
"СТС Love (+2)","Развлекательные"
"СТС Love (+7)","Развлекательные"
"СТС Love","Развлекательные"
"СТС Балтия","Развлекательные"
"СТС Мир","Региональные"
"СТС","Развлекательные"
"Супер","Развлекательные"
"Сургут 1","Региональные"
"Сургут 24","Региональные"
"Тагил ТВ","Региональные"
"Татарстан 24","Региональные"
"ТБН (Украина)","Украинские"
"ТБН","Религиозные"
"ТВ 3 (+2)","Развлекательные"
"ТВ 3 (+3)","Развлекательные"
"ТВ 3 (+7)","Развлекательные"
"ТВ 3 (Беларусь)","Белорусские"
"ТВ 3 HD","Развлекательные"
"ТВ 3","Развлекательные"
"ТВ FM (Симферополь)","Региональные"
"ТВ Азия","Познавательные"
"ТВ Бердянск","Украинские"
"ТВ Лида","Белорусские"
"ТВ Тур ТВ","Познавательные"
"ТВ Центр (+2)","Общественные"
"ТВ Центр Красноярск HD","Региональные"
"ТВ-41 (Щёлково)","Региональные"
"ТВ3 (Беларусь)","Белорусские"
"ТВ3 +2 (Сургут)","Региональные"
"ТВ3","Развлекательные"
"ТВА Чернівці","Украинские"
"ТВА Черновцы","Украинские"
"Твое ТВ (Казахстан)","Казахстан"
"Твой Дом HD","Познавательные"
"Твой Дом","Познавательные"
"Твой Плюс (Херсон)","Украинские"
"ТВЦ (+4)","Общественные"
"ТВЦ (+7)","Общественные"
"ТВЦ","Общественные"
"ТДК","Развлекательные"
"Театр","Познавательные"
"Телевсесвит","Украинские"
"Теледом HD","Развлекательные"
"ТелеДом","Развлекательные"
"Телеканал Деда Мороза","Развлекательные"
"Телекафе","Кухня"
"Телепутешествия","Познавательные"
"Терра","Познавательные"
"ТЕТ","Украинские"
"Техно 24","Мужские"
"Тивиком (Улан-Удэ) [FHD]","Казахстан"
"Тивиком (Улан-Удэ)","Региональные"
"ТИМ","Региональные"
"ТИС ТВ (Одесса)","Украинские"
"Тиса 1","Украинские"
"Тиса-1","Украинские"
"ТК Одесса","Украинские"
"ТК Центр Красноярск HD","Региональные"
"ТКР (Рязань)","Региональные"
"Тлум HD","Детские"
"ТНВ Планета","Региональные"
"ТНВ Татарстан","Региональные"
"ТНВ-Планета","Региональные"
"ТНВ","Региональные"
"ТНТ (+2)","Развлекательные"
"ТНТ (+4)","Развлекательные"
"ТНТ (+7)","Развлекательные"
"ТНТ (Int.)","Развлекательные"
"ТНТ HD","Развлекательные"
"ТНТ International (Беларусь)","Белорусские"
"ТНТ MUSIC","Музыка"
"ТНТ","Развлекательные"
"ТНТ4 (+2)","Развлекательные"
"ТНТ4 (+4)","Развлекательные"
"ТНТ4 (+7)","Развлекательные"
"ТНТ4 +2/Смайл ТВ","Развлекательные"
"ТНТ4","Развлекательные"
"ТНТ4/Смайл ТВ +2","Развлекательные"
"Толпар ТВ","Региональные"
"Томское Время HD","Региональные"
"Томское время","Региональные"
"Тонус ТВ","Развлекательные"
"Точка Отрыва","Спорт"
"Точка ТВ","Познавательные"
"Трансляция HD","Спорт"
"ТРЕЙЛЕР ТВ","Развлекательные"
"Трейлеры Ovideo","Развлекательные"
"Третий Цифровой (Одесса)","Украинские"
"Третий Цифровой","Украинские"
"Три Ангела","Религиозные"
"ТРК 555 (Алушта)","Региональные"
"ТРК Заречный","Региональные"
"ТРК Киiв","Украинские"
"ТРК Круг (Одесса)","Украинские"
"ТРК Раi","Украинские"
"ТРК Рудана","Украинские"
"ТРК Черновцы","Украинские"
"Трофей HD","Мужские"
"Трофей","Мужские"
"ТТС","Магазин"
"Туран-ТВ","Региональные"
"Тюменское время","Региональные"
"Украина","Украинские"
"Униан ТВ","Украинские"
"Униан","Украинские"
"УрФО 24 HD","Региональные"
"Усадьба","Познавательные"
"Успех","Познавательные"
"Учалы ТВ","Региональные"
"ФАНТАСТИКА HD","Фильмы"
"Фауна (Украина)","Украинские"
"Фауна","Украинские"
"Феникс Плюс Кино","Фильмы"
"Феникс+ Кино","Фильмы"
"Футбол 1 (Украина)","Спорт"
"Футбол 2 (Украина)","Спорт"
"Футбол","Спорт"
"Хабар 24","Казахстан"
"Хабар","Казахстан"
"Халык Арна","Казахстан"
"Хамелеон ТВ (KG) [FHD]","Кыргызстан"
"Хамелеон ТВ (KG)","Кыргызстан"
"Хамелеон ТВ HD (KG)","Кыргызстан"
"Херсон Плюс","Украинские"
"Хорошее кино","Фильмы"
"Центральный канал","Украинские"
"Че (+2)","Развлекательные"
"Че (+4)","Развлекательные"
"Че (+7)","Развлекательные"
"Че +2 (Сургут)","Региональные"
"Че!/Север (Сургут) +2","Региональные"
"Че","Развлекательные"
"Чернівецький Промінь HD","Украинские"
"Черновицкий Проминь HD","Украинские"
"Черновцы ТВ","Украинские"
"Черновцы Телеканал","Украинские"
"Черноморская ТРК","Украинские"
"ЧП Инфо","Украинские"
"ЧП-Инфо","Украинские"
"Шалун HD","Для взрослых"
"Шансон ТВ","Музыка"
"Эврика HD","Познавательные"
"Эгоист ТВ","Мужские"
"Экспресс (Пенза)","Региональные"
"Эфир 24 (Татарстан 24)","Региональные"
"Эхо TV (Рязань)","Региональные"
"Эхо TV","Региональные"
"Эхо ТВ 24","Региональные"
"Эхо ТВ","Региональные"
"Ю (+7)","Развлекательные"
"Ю","Развлекательные"
"Ювелирочка","Магазин"
"Югра ТВ","Региональные"
"Югра","Региональные"
"Южная Волна HD","Региональные"
"Юмор Box","Развлекательные"
"Юмор TV","Развлекательные"
"Юмор ТВ","Развлекательные"
"Юнион","Иностранные"
"Юрган HD","Региональные"
"Юрган ТВ HD","Региональные"
"Юрган","Региональные"
"Ямал Регион","Региональные"
"Ямал-Регион","Региональные"
"ЯТБ (Херсон)","Украинские"
"ЯТБ","Украинские"
"Sirius","Украинские"
"Арт видео","Украинские"
"Лида","Белорусские"
"Минск","Белорусские"
"Плюс тв","Новостные"
